player_id,name,position,team,bye_week,pass_yds,pass_td,interceptions,rush_yds,rush_td,receptions,rec_yds,rec_td,fumbles_lost,adp,adp_sd,adp_min,adp_max,adp_is_estimated,proj_games,miss_rate,weekly_cv,proj_spread
jacoby-brissett-qb,Jacoby Brissett,QB,ARI,14,3645.0,19.0,10.0,178.0,1.56,0.0,0.0,0.0,6.0,172.1,14.7,149.0,205.0,False,15.0,0.0,0.7535433070866142,0.22
tua-tagovailoa-qb,Tua Tagovailoa,QB,ATL,11,1815.2,11.28,5.6,28.8,0.0,0.0,0.0,0.0,1.0,208.8,22.876,184.7802,257.9834,True,17.0,0.0784313725490196,0.44215291750503016,0.22
michael-penix-qb,Michael Penix Jr,QB,ATL,11,2070.9,11.79,6.0,48.6,0.54,0.0,0.0,0.0,2.0,208.8,22.876,184.7802,257.9834,True,17.0,0.13725490196078433,0.7145239812477461,0.22
lamar-jackson-qb,Lamar Jackson,QB,BAL,13,3617.0,28.3,9.25,646.0,3.2,0.0,0.0,0.0,4.1,56.6,7.0,38.0,74.0,False,17.0,0.0,0.4216221438577846,0.22
josh-allen-qb,Josh Allen,QB,BUF,7,3768.0,27.4,10.5,567.0,11.1,0.0,0.0,0.0,4.05,34.0,9.0,10.0,50.0,False,17.0,0.0,0.5,0.22
bryce-young-qb,Bryce Young,QB,CAR,5,3372.8,22.95,11.9,253.3,3.0,0.0,0.0,0.0,2.0,162.4,19.3,120.0,192.0,False,17.0,0.0,0.5468555074484479,0.22
caleb-williams-qb,Caleb Williams,QB,CHI,10,3870.45,28.03,8.5,404.35,2.25,0.0,0.0,0.0,2.0,90.8,11.9,59.0,121.0,False,17.0,0.0,0.45769459298871057,0.22
joe-burrow-qb,Joe Burrow,QB,CIN,6,4181.4,33.6,10.899999999999999,177.3,1.19,0.0,0.0,0.0,1.45,57.7,7.6,37.0,75.0,False,17.0,0.3137254901960784,0.47753912060451004,0.22
shedeur-sanders-qb,Shedeur Sanders,QB,CLE,11,1707.2,9.44,7.2,89.6,0.56,0.0,0.0,0.0,1.0,208.8,22.876,184.7802,257.9834,True,12.5,0.0392156862745098,0.8744935456515595,0.22
taylen-green-qb,Taylen Green,QB,CLE,11,179.7,0.97,0.7,31.2,0.15,0.0,0.0,0.0,0.0,208.8,25.256,182.2812,263.10040000000004,True,1.0,0.0,0.42,0.29
dak-prescott-qb,Dak Prescott,QB,DAL,14,4329.0,30.9,11.7,173.1,1.7,0.0,0.0,0.0,2.4,65.3,8.5,43.0,96.0,False,17.0,0.1568627450980392,0.4352584245313686,0.22
bo-nix-qb,Bo Nix,QB,DEN,10,3788.5,27.0,11.65,358.65,3.5999999999999996,0.0,0.0,0.0,1.0,111.8,13.1,77.0,142.0,False,17.0,0.0,0.4205300730286371,0.22
jared-goff-qb,Jared Goff,QB,DET,6,4459.0,32.98,10.0,50.0,0.0,0.0,0.0,0.0,4.0,100.3,13.0,66.0,129.0,False,17.0,0.0,0.41742016710541374,0.22
jordan-love-qb,Jordan Love,QB,GB,11,3856.0,28.95,10.0,187.0,1.0,0.0,0.0,0.0,2.0,147.5,13.0,113.0,177.0,False,17.0,0.0392156862745098,0.40424853278897677,0.22
cj-stroud-qb,CJ Stroud,QB,HOU,8,3923.6,23.97,10.2,249.0,1.0,0.0,0.0,0.0,3.0,157.7,15.3,117.0,180.0,False,17.0,0.0,0.4218582169709989,0.22
daniel-jones-qb,Daniel Jones,QB,IND,13,3846.0,24.65,11.9,202.3,3.0,0.0,0.0,0.0,3.0,160.6,12.2,128.0,180.0,False,17.0,0.23529411764705882,0.5031042128603105,0.22
trevor-lawrence-qb,Trevor Lawrence,QB,JAX,7,3869.6,27.0,12.25,330.0,4.9,0.0,0.0,0.0,3.2,91.0,12.2,59.0,126.0,False,17.0,0.13725490196078433,0.4077030897678104,0.22
patrick-mahomes-qb,Patrick Mahomes,QB,KC,5,3831.0,28.6,11.65,315.0,3.0,0.0,0.0,0.0,1.0,102.5,12.6,69.0,132.0,False,17.0,0.058823529411764705,0.34649147646825623,0.22
garrett-nussmeier-qb,Garrett Nussmeier,QB,KC,5,111.0,1.0,0.0,8.0,0.0,0.0,0.0,0.0,0.0,208.8,25.256,182.2812,263.10040000000004,True,17.0,0.0,0.42,0.29
justin-herbert-qb,Justin Herbert,QB,LAC,7,3911.55,27.9,11.4,404.5,2.05,0.0,0.0,0.0,2.0,105.2,14.2,68.0,140.0,False,17.0,0.0784313725490196,0.41801450083658676,0.22
matthew-stafford-qb,Matthew Stafford,QB,LAR,11,4167.5,33.415,9.8,31.75,0.17,0.0,0.0,0.0,2.0,77.4,11.1,50.0,114.0,False,17.0,0.0,0.41778243968655515,0.22
ty-simpson-qb,Ty Simpson,QB,LAR,11,450.0,2.74,1.0,17.0,0.0,0.0,0.0,0.0,0.0,208.8,25.256,182.2812,263.10040000000004,True,9.5,0.0,0.42,0.29
fernando-mendoza-qb,Fernando Mendoza,QB,LV,13,2928.9,17.55,10.4,217.0,1.0,0.0,0.0,0.0,2.0,173.8,23.1,120.0,207.0,False,15.0,0.0,0.42,0.29
malik-willis-qb,Malik Willis,QB,MIA,6,3101.0,17.68,10.0,697.0,4.42,0.0,0.0,0.0,6.0,163.2,13.8,127.0,197.0,False,17.0,0.0196078431372549,1.15,0.22
kyler-murray-qb,Kyler Murray,QB,MIN,6,3672.0,24.63,12.0,494.0,4.0,0.0,0.0,0.0,4.0,133.3,12.3,101.0,166.0,False,17.0,0.35294117647058826,0.2191020875035745,0.22
jj-mccarthy-qb,JJ McCarthy,QB,MIN,6,286.0,1.0,1.0,19.0,0.0,0.0,0.0,0.0,0.0,208.8,22.876,184.7802,257.9834,True,17.0,0.3333333333333333,0.6394161748285212,0.22
drake-maye-qb,Drake Maye,QB,NE,11,4031.5,28.5,10.2,490.5,3.77,0.0,0.0,0.0,5.8,51.7,7.8,31.0,70.0,False,17.0,0.0,0.3365889212827989,0.22
behren-morton-qb,Behren Morton,QB,NE,11,118.0,1.0,0.0,9.0,0.0,0.0,0.0,0.0,0.0,208.8,25.256,182.2812,263.10040000000004,True,17.0,0.0,0.42,0.29
tyler-shough-qb,Tyler Shough,QB,NO,8,4013.0,24.0,11.9,328.0,4.0,0.0,0.0,0.0,4.0,134.6,12.8,101.0,154.0,False,17.0,0.0,0.5082869080779945,0.22
jaxson-dart-qb,Jaxson Dart,QB,NYG,8,3544.5,22.85,11.7,537.05,6.25,0.0,0.0,0.0,2.45,116.7,11.9,85.0,142.0,False,17.0,0.0,0.5715113583681039,0.22
geno-smith-qb,Geno Smith,QB,NYJ,13,3552.0,21.28,14.0,157.0,1.0,0.0,0.0,0.0,1.0,180.2,9.9,173.0,197.0,False,16.5,0.0,0.45729972878216574,0.22
cade-klubnik-qb,Cade Klubnik,QB,NYJ,13,177.0,1.0,1.0,9.0,0.0,0.0,0.0,0.0,0.0,208.8,25.256,182.2812,263.10040000000004,True,9.5,0.0,0.42,0.29
jalen-hurts-qb,Jalen Hurts,QB,PHI,10,3551.0,24.2,7.2,468.8,8.5,0.0,0.0,0.0,4.0,78.0,10.7,50.0,112.0,False,17.0,0.0,0.36176092238791746,0.22
cole-payton-qb,Cole Payton,QB,PHI,10,105.0,1.0,0.0,10.0,0.0,0.0,0.0,0.0,0.0,208.8,25.256,182.2812,263.10040000000004,True,17.0,0.0,0.42,0.29
aaron-rodgers-qb,Aaron Rodgers,QB,PIT,9,3649.0,23.0,9.0,68.0,0.85,0.0,0.0,0.0,2.0,166.1,32.6,81.0,209.0,False,17.0,0.2549019607843137,0.4238401242850081,0.22
drew-allar-qb,Drew Allar,QB,PIT,9,161.85,1.1,0.4,10.7,0.045,0.0,0.0,0.0,0.0,208.8,25.256,182.2812,263.10040000000004,True,9.0,0.0,0.42,0.29
sam-darnold-qb,Sam Darnold,QB,SEA,11,4130.0,26.0,13.0,125.0,1.0,0.0,0.0,0.0,6.0,142.6,14.0,106.0,178.0,False,17.0,0.0,0.5304737146158289,0.22
brock-purdy-qb,Brock Purdy,QB,SF,8,4157.9,27.7,13.6,290.7,3.0,0.0,0.0,0.0,4.65,87.7,11.6,62.0,120.0,False,17.0,0.0196078431372549,0.42652232746955343,0.22
baker-mayfield-qb,Baker Mayfield,QB,TB,10,3949.0,26.35,12.0,366.0,1.7,0.0,0.0,0.0,3.0,129.6,10.9,101.0,150.0,False,17.0,0.0,0.375721109112338,0.22
cam-ward-qb,Cam Ward,QB,TEN,9,3501.5,21.5,10.5,177.5,2.0,0.0,0.0,0.0,6.0,169.0,13.5,141.0,196.0,False,17.0,0.0,0.4769581056466302,0.22
jayden-daniels-qb,Jayden Daniels,QB,WAS,7,3642.7,23.8,10.6,685.3,4.7,0.0,0.0,0.0,2.4,72.2,11.4,42.0,113.0,False,17.0,0.0,0.3972407869662077,0.22
jeremiyah-love-rb,Jeremiyah Love,RB,ARI,14,0.0,0.0,0.0,1016.45,6.85,50.7,402.6,1.95,3.0,27.5,3.6,18.0,41.0,False,17.0,0.0,0.62,0.04
tyler-allgeier-rb,Tyler Allgeier,RB,ARI,14,0.0,0.0,0.0,466.0,4.26,16.0,96.9,0.0,1.0,153.6,20.6,99.0,205.0,False,17.0,0.0,0.7413540445486518,0.15079272084604825
james-conner-rb,James Conner,RB,ARI,14,0.0,0.0,0.0,307.0,2.9,18.8,126.7,0.68,0.0,168.9,15.1,141.0,194.0,False,17.0,0.37254901960784315,0.5113241628456301,0.5110035386366992
bijan-robinson-rb,Bijan Robinson,RB,ATL,11,0.0,0.0,0.0,1402.0,9.5,72.0,707.0,3.2,1.9,2.2,0.7,1.0,6.0,False,17.0,0.0,0.3797661968753414,0.06695189430528314
brian-robinson-rb,Brian Robinson,RB,ATL,11,0.0,0.0,0.0,511.7,4.0,9.0,58.0,0.0,1.0,166.5,24.3,118.0,206.0,False,17.0,0.058823529411764705,0.5125233644859813,0.07422226715092894
derrick-henry-rb,Derrick Henry,RB,BAL,13,0.0,0.0,0.0,1419.5,12.2,16.5,152.0,0.7,1.85,17.5,2.6,10.0,25.0,False,17.0,0.0,0.4851875,0.10783387880551347
justice-hill-rb,Justice Hill,RB,BAL,13,0.0,0.0,0.0,241.0,2.0,28.0,221.0,1.53,0.0,166.1,12.5,134.0,183.0,False,17.0,0.1568627450980392,0.88683680322364,0.18608665335263486
adam-randall-rb,Adam Randall,RB,BAL,13,0.0,0.0,0.0,303.45,2.0949999999999998,14.1,131.9,1.17,1.0,208.8,25.256,182.2812,263.10040000000004,True,17.0,0.0,0.62,0.29
james-cook-rb,James Cook,RB,BUF,7,0.0,0.0,0.0,1405.1,11.0,33.3,288.2,2.0,2.7,12.8,2.9,5.0,22.0,False,17.0,0.0,0.49932988703810066,0.061598794307681795
ty-johnson-rb,Ty Johnson,RB,BUF,7,0.0,0.0,0.0,212.0,1.19,24.0,270.0,2.04,0.0,183.8,24.4,145.0,210.0,False,17.0,0.0,0.8694758478931142,0.1633587747253227
ray-davis-rb,Ray Davis,RB,BUF,7,0.0,0.0,0.0,230.6,1.595,10.25,84.4,0.8400000000000001,0.0,162.8,26.1,123.0,207.0,False,17.0,0.0,1.15,0.22
chuba-hubbard-rb,Chuba Hubbard,RB,CAR,5,0.0,0.0,0.0,710.8,5.0,33.45,220.35,1.3599999999999999,1.0,79.9,9.7,54.0,117.0,False,17.0,0.0392156862745098,0.5841677096370463,0.06114770089862218
jonathon-brooks-rb,Jonathon Brooks,RB,CAR,5,0.0,0.0,0.0,841.9,4.835,32.15,234.35,1.0,2.0,95.5,13.7,60.0,141.0,False,17.0,0.55,1.15,0.11563859755357032
dandre-swift-rb,D'Andre Swift,RB,CHI,10,0.0,0.0,0.0,1046.5,8.345,35.1,299.9,1.0,1.0,45.7,4.3,34.0,58.0,False,17.0,0.0,0.5380425232823757,0.05802291657563871
kyle-monangai-rb,Kyle Monangai,RB,CHI,10,0.0,0.0,0.0,784.7,5.05,21.6,182.55,0.15,1.0,109.1,12.4,76.0,143.0,False,17.0,0.0,0.7256790123456791,0.06291071663123894
chase-brown-rb,Chase Brown,RB,CIN,6,0.0,0.0,0.0,1023.4,7.5,63.8,427.6,4.0,1.05,13.2,2.5,6.0,20.0,False,17.0,0.0784313725490196,0.4707368421052632,0.08712753180112182
samaje-perine-rb,Samaje Perine,RB,CIN,6,0.0,0.0,0.0,348.5,2.21,17.0,132.0,0.85,3.0,208.8,21.1809673745787,186.5599842566924,254.3390798553442,True,17.0,0.0,0.6911605792089908,0.17014609925231466
quinshon-judkins-rb,Quinshon Judkins,RB,CLE,11,0.0,0.0,0.0,1092.6,7.915,32.0,217.5,0.675,1.0,50.4,5.0,37.0,64.0,False,17.0,0.0392156862745098,0.5891964285714286,0.042232664834161125
dylan-sampson-rb,Dylan Sampson,RB,CLE,11,0.0,0.0,0.0,290.0,2.0,39.0,316.0,2.0,2.0,157.5,14.0,121.0,180.0,False,17.0,0.0,0.9660337552742615,0.11034747527928622
javonte-williams-rb,Javonte Williams,RB,DAL,14,0.0,0.0,0.0,1154.6,10.015,33.65,203.0,1.1,2.0,36.4,4.6,24.0,50.0,False,17.0,0.0196078431372549,0.5954167094851505,0.045139397545400445
malik-davis-rb,Malik Davis,RB,DAL,14,0.0,0.0,0.0,415.55,3.06,9.8,77.15,0.17,1.0,161.3,27.5,111.0,192.0,False,17.0,0.0196078431372549,1.1118686868686867,0.22
jaydon-blue-rb,Jaydon Blue,RB,DAL,14,0.0,0.0,0.0,253.25,1.5,16.55,124.75,0.425,0.0,165.6,14.2,144.0,202.0,False,17.0,0.0196078431372549,1.1160804020100503,0.22
jk-dobbins-rb,JK Dobbins,RB,DEN,10,0.0,0.0,0.0,978.8,7.0,19.6,107.45,0.5549999999999999,1.0,87.2,9.9,61.0,120.0,False,17.0,0.5294117647058824,0.3373188405797102,0.04
rj-harvey-rb,RJ Harvey,RB,DEN,10,0.0,0.0,0.0,476.0,3.57,45.0,332.0,3.0,1.0,89.7,12.5,57.0,120.0,False,17.0,0.0,0.6548138520100268,0.16641942652543792
jonah-coleman-rb,Jonah Coleman,RB,DEN,10,0.0,0.0,0.0,313.6,2.3600000000000003,14.0,96.9,0.255,0.0,151.1,18.8,102.0,192.0,False,17.0,0.0,0.62,0.29
jahmyr-gibbs-rb,Jahmyr Gibbs,RB,DET,6,0.0,0.0,0.0,1348.2,13.0,71.3,580.6,4.0,1.05,1.5,0.7,1.0,4.0,False,17.0,0.0,0.41934982917486285,0.07767475143943854
isiah-pacheco-rb,Isiah Pacheco,RB,DET,6,0.0,0.0,0.0,533.8,3.0,20.0,139.0,0.68,1.0,152.2,19.9,100.0,180.0,False,17.0,0.17647058823529413,0.6424150735799753,0.12005455541750361
josh-jacobs-rb,Josh Jacobs,RB,GB,11,0.0,0.0,0.0,1070.9,11.2,35.0,281.0,1.0,1.0,30.6,3.6,21.0,40.0,False,17.0,0.0,0.43609228452112003,0.04
marshawn-lloyd-rb,MarShawn Lloyd,RB,GB,11,0.0,0.0,0.0,369.5,2.92,10.0,72.0,0.0,0.0,153.8,20.7,105.0,200.0,False,17.0,0.55,0.2,0.5353660355102863
david-montgomery-rb,David Montgomery,RB,HOU,8,0.0,0.0,0.0,994.55,8.08,32.599999999999994,242.7,0.85,2.0,58.2,6.2,42.0,77.0,False,17.0,0.0,0.4566027127696957,0.04
woody-marks-rb,Woody Marks,RB,HOU,8,0.0,0.0,0.0,537.2,3.0,27.0,214.0,1.36,1.0,139.9,15.9,98.0,177.0,False,17.0,0.0,0.7439596105301117,0.09257699428567812
jonathan-taylor-rb,Jonathan Taylor,RB,IND,13,0.0,0.0,0.0,1436.0,12.9,41.9,329.8,1.5,1.85,7.5,1.7,3.0,13.0,False,17.0,0.13725490196078433,0.5613566167735805,0.0673063172530599
dj-giddens-rb,DJ Giddens,RB,IND,13,0.0,0.0,0.0,119.05,0.8400000000000001,3.55,23.8,0.085,0.0,208.8,22.876,184.7802,257.9834,True,17.0,0.0,1.15,0.22
seth-mcgowan-rb,Seth McGowan,RB,IND,13,0.0,0.0,0.0,168.0,1.7,10.2,77.0,0.0,0.0,208.8,22.877249164012248,184.77888837778715,257.9860857026263,True,17.0,0.0,0.62,0.22003674011800722
bhayshul-tuten-rb,Bhayshul Tuten,RB,JAX,7,0.0,0.0,0.0,907.4,7.35,25.9,198.05,2.1,3.0,52.1,5.3,38.0,69.0,False,17.0,0.0,0.8340211735151623,0.08097565002086628
chris-rodriguez-rb,Chris Rodriguez Jr,RB,JAX,7,0.0,0.0,0.0,623.9,5.61,6.8,54.4,0.0,1.0,158.1,18.2,110.0,194.0,False,17.0,0.0392156862745098,1.15,0.1570408688679548
kenneth-walker-rb,Kenneth Walker III,RB,KC,5,0.0,0.0,0.0,1160.4,8.8,44.8,349.4,1.25,0.95,21.5,4.1,10.0,34.0,False,17.0,0.0784313725490196,0.572483167031719,0.0690408455950324
emari-demercado-rb,Emari Demercado,RB,KC,5,0.0,0.0,0.0,235.0,1.0,17.0,131.0,0.34,3.0,149.0,14.1,144.0,184.0,False,17.0,0.0784313725490196,0.9957340025094104,0.55
emmett-johnson-rb,Emmett Johnson,RB,KC,5,0.0,0.0,0.0,186.0,1.0,11.0,77.0,0.0,0.0,159.4,14.0,137.0,176.0,False,17.0,0.0,0.62,0.5279048245674426
brashard-smith-rb,Brashard Smith,RB,KC,5,0.0,0.0,0.0,171.9,1.095,20.7,146.25,0.925,0.0,208.8,22.876,184.7802,257.9834,True,17.0,0.0,1.0558902275769746,0.22
omarion-hampton-rb,Omarion Hampton,RB,LAC,7,0.0,0.0,0.0,1044.7,9.18,47.5,331.5,2.0,1.0,23.2,4.3,12.0,37.0,False,17.0,0.13725490196078433,0.5140601503759398,0.05199470715746267
keaton-mitchell-rb,Keaton Mitchell,RB,LAC,7,0.0,0.0,0.0,421.6,2.0,19.0,147.0,1.0,1.0,157.5,21.3,102.0,207.0,False,17.0,0.37254901960784315,0.750191570881226,0.2670869133133027
kimani-vidal-rb,Kimani Vidal,RB,LAC,7,0.0,0.0,0.0,272.0,2.0,16.0,132.6,0.68,0.0,164.0,14.8,142.0,179.0,False,17.0,0.0784313725490196,0.9614781244552902,0.1852907930155244
kyren-williams-rb,Kyren Williams,RB,LAR,11,0.0,0.0,0.0,1113.0,10.0,34.0,245.0,2.3,2.0,31.6,4.2,20.0,44.0,False,17.0,0.0784313725490196,0.3541144004014049,0.04
blake-corum-rb,Blake Corum,RB,LAR,11,0.0,0.0,0.0,807.95,6.3,12.45,85.3,0.1,1.0,122.2,16.5,79.0,150.0,False,17.0,0.0,0.8928653360862583,0.06781038691143537
jarquez-hunter-rb,Jarquez Hunter,RB,LAR,11,0.0,0.0,0.0,122.4,1.02,5.1,42.5,0.17,0.0,208.8,22.876,184.7802,257.9834,True,17.0,0.0,0.62,0.22
ashton-jeanty-rb,Ashton Jeanty,RB,LV,13,0.0,0.0,0.0,1090.7,7.5,53.8,406.0,2.0,1.0,16.7,5.4,3.0,35.0,False,15.0,0.0,0.65171875,0.07851077703040409
mike-washington-rb,Mike Washington Jr,RB,LV,13,0.0,0.0,0.0,481.2,3.39,14.2,108.5,0.43,2.0,146.7,26.2,78.0,209.0,False,17.0,0.0,0.62,0.3853729752477438
devon-achane-rb,De'Von Achane,RB,MIA,6,0.0,0.0,0.0,1161.0,6.4,60.0,448.0,3.0,1.0,10.4,1.9,5.0,18.0,False,17.0,0.0784313725490196,0.5077285989198584,0.09516922443217002
jaylen-wright-rb,Jaylen Wright,RB,MIA,6,0.0,0.0,0.0,304.3,2.0,7.0,49.0,0.0,2.0,208.8,19.04837796646339,188.79920313521345,249.75401262789632,True,17.0,0.058823529411764705,1.15,0.10742288136657029
jordan-mason-rb,Jordan Mason,RB,MIN,6,0.0,0.0,0.0,906.0,6.59,15.3,82.0,0.0,1.0,117.0,15.8,75.0,150.0,False,17.0,0.09803921568627451,0.7065231657697861,0.10744012564284104
aaron-jones-rb,Aaron Jones,RB,MIN,6,0.0,0.0,0.0,602.0,3.0,37.4,268.0,1.36,1.0,103.1,11.7,72.0,141.0,False,17.0,0.11764705882352941,0.4701834862385321,0.09002713838476376
demond-claiborne-rb,Demond Claiborne,RB,MIN,6,0.0,0.0,0.0,145.0,1.0,4.0,29.0,0.0,0.0,208.8,26.553622654128176,180.91869621316542,265.8902887063756,True,17.0,0.0,0.62,0.32816537218024044
treveyon-henderson-rb,TreVeyon Henderson,RB,NE,11,0.0,0.0,0.0,878.8,7.0,34.9,257.0,1.0,1.0,62.1,6.7,44.0,81.0,False,17.0,0.0,0.8172972972972973,0.04184429466488439
rhamondre-stevenson-rb,Rhamondre Stevenson,RB,NE,11,0.0,0.0,0.0,717.6,7.0,37.1,302.0,1.9,3.0,65.1,6.9,47.0,86.0,False,17.0,0.058823529411764705,0.6558765408864213,0.061723948201716325
jam-miller-rb,Jam Miller,RB,NE,11,0.0,0.0,0.0,82.0,0.5,2.0,20.5,0.0,0.0,208.8,25.256,182.2812,263.10040000000004,True,17.0,0.0,0.62,0.29
travis-etienne-rb,Travis Etienne,RB,NO,8,0.0,0.0,0.0,1033.55,5.35,44.1,334.75,2.5,1.0,38.3,4.9,25.0,52.0,False,17.0,0.0392156862745098,0.47787546843470746,0.04
alvin-kamara-rb,Alvin Kamara,RB,NO,8,0.0,0.0,0.0,428.0,2.38,34.0,235.0,1.1,1.0,146.1,22.5,87.0,180.0,False,16.0,0.058823529411764705,0.4148822981779492,0.1211564266055403
devin-neal-rb,Devin Neal,RB,NO,8,0.0,0.0,0.0,164.2,1.52,6.75,50.65,0.17,0.0,208.8,22.876,184.7802,257.9834,True,17.0,0.058823529411764705,0.9252427184466018,0.22
audric-estime-rb,Audric Estimé,RB,NO,8,0.0,0.0,0.0,151.8,1.04,5.1,32.3,0.17,0.0,208.8,22.876,184.7802,257.9834,True,17.0,0.0784313725490196,0.957566889632107,0.22
kendre-miller-rb,Kendre Miller,RB,NO,8,0.0,0.0,0.0,140.0,1.53,2.0,12.0,0.0,0.0,208.8,34.096000000000004,172.9992,282.1064,True,17.0,0.4117647058823529,0.8233701782088879,0.55
cam-skattebo-rb,Cam Skattebo,RB,NYG,8,0.0,0.0,0.0,921.4,8.0,42.2,346.0,2.3,2.0,37.5,5.0,24.0,56.0,False,17.0,0.17647058823529413,0.5420728756136348,0.05171764086298031
tyrone-tracy-rb,Tyrone Tracy Jr,RB,NYG,8,0.0,0.0,0.0,380.0,2.21,28.0,215.0,1.02,1.0,155.6,17.7,109.0,180.0,False,17.0,0.0,0.6845655129143575,0.22483180621207854
najee-harris-rb,Najee Harris,RB,NYG,8,0.0,0.0,0.0,321.3,2.72,9.0,75.0,0.0,0.0,163.3,15.8,144.0,187.0,False,17.0,0.27450980392156865,0.45627876397107164,0.22433239793295104
breece-hall-rb,Breece Hall,RB,NYJ,13,0.0,0.0,0.0,1081.2,5.95,47.0,403.0,2.0,2.0,35.6,4.5,23.0,47.0,False,17.0,0.0,0.5460640301318267,0.04
braelon-allen-rb,Braelon Allen,RB,NYJ,13,0.0,0.0,0.0,372.0,3.0,10.2,80.0,0.34,3.0,159.5,21.7,103.0,204.0,False,17.0,0.2549019607843137,0.9159192825112107,0.34404178705469407
saquon-barkley-rb,Saquon Barkley,RB,PHI,10,0.0,0.0,0.0,1299.1,8.5,40.0,307.0,2.0,1.0,19.3,3.4,10.0,31.0,False,17.0,0.0,0.507631742523655,0.05641540020958448
tank-bigsby-rb,Tank Bigsby,RB,PHI,10,0.0,0.0,0.0,375.0,3.0,5.0,35.0,0.0,1.0,161.6,21.6,111.0,210.0,False,17.0,0.0196078431372549,1.15,0.350032640480791
jaylen-warren-rb,Jaylen Warren,RB,PIT,9,0.0,0.0,0.0,828.9,5.0,41.1,323.0,1.4449999999999998,1.0,58.4,5.9,44.0,74.0,False,17.0,0.0196078431372549,0.5066092837380879,0.04
rico-dowdle-rb,Rico Dowdle,RB,PIT,9,0.0,0.0,0.0,825.85,5.895,33.45,241.55,1.05,1.0,74.3,7.3,55.0,97.0,False,17.0,0.0,0.45988872936109115,0.05796634458537472
kaleb-johnson-rb,Kaleb Johnson,RB,PIT,9,0.0,0.0,0.0,154.95,0.765,2.7,20.95,0.085,0.0,208.8,22.876,184.7802,257.9834,True,17.0,0.0,0.9518072289156627,0.22
eli-heidenreich-rb,Eli Heidenreich,RB,PIT,9,0.0,0.0,0.0,112.2,0.68,10.2,91.8,0.34,0.0,208.8,25.256,182.2812,263.10040000000004,True,17.0,0.0,0.62,0.29
jadarian-price-rb,Jadarian Price,RB,SEA,11,0.0,0.0,0.0,918.2,7.4399999999999995,26.75,224.0,1.0,3.0,75.6,10.3,48.0,119.0,False,17.0,0.0,0.62,0.06845060675401071
zach-charbonnet-rb,Zach Charbonnet,RB,SEA,11,0.0,0.0,0.0,507.0,3.72,19.0,135.0,0.54,1.0,133.7,16.1,91.0,173.0,False,13.5,0.0,0.6332616046726098,0.170900495654347
emanuel-wilson-rb,Emanuel Wilson,RB,SEA,11,0.0,0.0,0.0,256.2,1.95,9.3,58.2,0.0,1.0,208.8,34.096000000000004,172.9992,282.1064,True,17.0,0.11764705882352941,0.9380617428683079,0.55
christian-mccaffrey-rb,Christian McCaffrey,RB,SF,8,0.0,0.0,0.0,1067.9,8.7,76.6,693.0,4.6,1.05,6.6,1.6,2.0,12.0,False,17.0,0.23529411764705882,0.3608295359434576,0.044651309988602186
kaelon-black-rb,Kaelon Black,RB,SF,8,0.0,0.0,0.0,266.9,2.04,10.2,76.5,0.34,2.0,160.9,23.6,112.0,206.0,False,17.0,0.0,0.62,0.55
bucky-irving-rb,Bucky Irving,RB,TB,10,0.0,0.0,0.0,1016.7,5.9,40.599999999999994,335.85,2.1,1.0,44.7,4.3,33.0,58.0,False,17.0,0.0,0.46342329545454547,0.053763418434395076
kenny-gainwell-rb,Kenny Gainwell,RB,TB,10,0.0,0.0,0.0,502.0,3.9,51.5,361.4,2.0,0.0,91.6,10.3,64.0,120.0,False,15.0,0.0,0.5123324917459701,0.22
sean-tucker-rb,Sean Tucker,RB,TB,10,0.0,0.0,0.0,267.0,3.0,8.5,64.6,0.0,0.0,208.8,27.754612313117804,179.6576570712263,268.4724164732033,True,17.0,0.0,1.15,0.36348859744464124
tony-pollard-rb,Tony Pollard,RB,TEN,9,0.0,0.0,0.0,988.9,5.390000000000001,31.35,205.6,0.625,3.0,69.7,6.5,52.0,90.0,False,17.0,0.0,0.46927721541466877,0.04317039324699396
tyjae-spears-rb,Tyjae Spears,RB,TEN,9,0.0,0.0,0.0,348.0,3.23,45.9,327.0,1.0,1.0,129.9,11.5,99.0,148.0,False,17.0,0.13725490196078433,0.6534982708167066,0.18023772368933663
nicholas-singleton-rb,Nicholas Singleton,RB,TEN,9,0.0,0.0,0.0,166.3,0.935,7.8,56.5,0.255,0.0,208.8,22.876,184.7802,257.9834,True,17.0,0.0,0.62,0.22
jacory-croskey-merritt-rb,Jacory Croskey-Merritt,RB,WAS,7,0.0,0.0,0.0,810.9,7.0,12.0,84.0,0.0,2.0,208.8,16.895964107931515,191.0592376866719,245.12632283205278,True,17.0,0.0,0.895468202303455,0.04411659140975041
rachaad-white-rb,Rachaad White,RB,WAS,7,0.0,0.0,0.0,539.0,5.0,42.0,307.7,1.7,1.0,112.2,13.3,77.0,148.0,False,17.0,0.0196078431372549,0.539840088227185,0.08726575561677771
kaytron-allen-rb,Kaytron Allen,RB,WAS,7,0.0,0.0,0.0,171.0,1.0,6.8,45.0,0.0,0.0,208.8,33.37286417118857,173.758492620252,280.55165796805545,True,17.0,0.0,0.62,0.5287312991526048
trey-mcbride-te,Trey McBride,TE,ARI,14,0.0,0.0,0.0,0.0,0.0,105.4,1049.0,7.0,0.1,29.0,4.6,16.0,42.0,False,17.0,0.0196078431372549,0.5141473362222789,0.0624230233681154
kyle-pitts-te,Kyle Pitts,TE,ATL,11,0.0,0.0,0.0,0.0,0.0,75.0,822.8,4.7,0.05,75.1,9.6,50.0,98.0,False,17.0,0.0,0.9004295796256521,0.0775881960079545
mark-andrews-te,Mark Andrews,TE,BAL,13,0.0,0.0,0.0,12.5,0.34,58.05,600.5,6.665,0.0,128.2,18.5,80.0,170.0,False,17.0,0.11764705882352941,0.6259485666104554,0.04
josh-cuevas-te,Josh Cuevas,TE,BAL,13,0.0,0.0,0.0,0.0,0.0,8.5,85.0,0.68,0.0,208.8,25.256,182.2812,263.10040000000004,True,17.0,0.0,0.71,0.29
matthew-hibner-te,Matthew Hibner,TE,BAL,13,0.0,0.0,0.0,0.0,0.0,9.95,109.7,0.925,0.0,208.8,25.256,182.2812,263.10040000000004,True,17.0,0.0,0.71,0.29
dalton-kincaid-te,Dalton Kincaid,TE,BUF,7,0.0,0.0,0.0,0.0,0.0,58.55,671.85,5.05,0.0,148.9,21.0,94.0,196.0,False,17.0,0.0,0.6403262092238471,0.06530990939891373
colston-loveland-te,Colston Loveland,TE,CHI,10,0.0,0.0,0.0,0.0,0.0,76.6,910.0,6.7,0.1,56.9,9.0,33.0,80.0,False,17.0,0.0,0.8542205501998589,0.12715612809208954
sam-roush-te,Sam Roush,TE,CHI,10,0.0,0.0,0.0,0.0,0.0,12.65,135.35,1.095,0.0,208.8,25.256,182.2812,263.10040000000004,True,17.0,0.0,0.71,0.29
jack-endries-te,Jack Endries,TE,CIN,6,0.0,0.0,0.0,0.0,0.0,10.75,108.25,0.8400000000000001,0.0,208.8,25.256,182.2812,263.10040000000004,True,17.0,0.0,0.71,0.29
harold-fannin-te,Harold Fannin Jr,TE,CLE,11,0.0,0.0,0.0,14.7,0.605,77.0,801.0,5.5,0.9,78.4,7.4,59.0,109.0,False,17.0,0.0,0.5229787234042553,0.06409977132683445
carsen-ryan-te,Carsen Ryan,TE,CLE,11,0.0,0.0,0.0,0.0,0.0,5.1,47.4,0.34,0.0,208.8,25.256,182.2812,263.10040000000004,True,17.0,0.0,0.71,0.29
jake-ferguson-te,Jake Ferguson,TE,DAL,14,0.0,0.0,0.0,0.0,0.0,71.4,596.3,5.61,2.0,131.7,17.2,86.0,170.0,False,17.0,0.0196078431372549,0.5478448793372553,0.22
michael-trigg-te,Michael Trigg,TE,DAL,14,0.0,0.0,0.0,0.0,0.0,8.3,88.8,0.67,0.0,208.8,22.876,184.7802,257.9834,True,17.0,0.0,0.71,0.22
justin-joly-te,Justin Joly,TE,DEN,10,0.0,0.0,0.0,0.0,0.0,18.7,192.1,1.36,0.0,208.8,25.256,182.2812,263.10040000000004,True,17.0,0.0,0.71,0.29
dallen-bentley-te,Dallen Bentley,TE,DEN,10,0.0,0.0,0.0,0.0,0.0,8.55,83.95,0.755,0.0,208.8,25.256,182.2812,263.10040000000004,True,17.0,0.0,0.71,0.29
sam-laporta-te,Sam LaPorta,TE,DET,6,0.0,0.0,0.0,0.0,0.0,68.1,782.0,5.7,0.1,111.6,23.0,51.0,166.0,False,17.0,0.17647058823529413,0.58036454018227,0.11024874033117257
tucker-kraft-te,Tucker Kraft,TE,GB,11,0.0,0.0,0.0,0.0,0.0,60.0,796.9,6.5,0.1,100.4,19.7,49.0,153.0,False,17.0,0.17647058823529413,0.6835894283958205,0.045615272678671145
dalton-schultz-te,Dalton Schultz,TE,HOU,8,0.0,0.0,0.0,0.0,0.0,67.0,646.0,4.0,0.0,162.7,20.1,110.0,195.0,False,17.0,0.0,0.560626787712971,0.22
marlin-klein-te,Marlin Klein,TE,HOU,8,0.0,0.0,0.0,0.0,0.0,24.3,245.05,1.51,1.0,208.8,25.256,182.2812,263.10040000000004,True,17.0,0.0,0.71,0.29
tyler-warren-te,Tyler Warren,TE,IND,13,0.0,0.0,0.0,12.5,0.505,78.0,851.9,5.1,0.15,65.5,9.2,41.0,91.0,False,17.0,0.0,0.48243533265559696,0.09989857611149243
brenton-strange-te,Brenton Strange,TE,JAX,7,0.0,0.0,0.0,0.0,0.0,62.9,678.3,4.76,0.0,160.7,20.1,111.0,204.0,False,17.0,0.09803921568627451,0.927068388330942,0.22
nate-boerkircher-te,Nate Boerkircher,TE,JAX,7,0.0,0.0,0.0,0.0,0.0,20.35,214.35,1.6800000000000002,1.0,208.8,25.256,182.2812,263.10040000000004,True,17.0,0.0,0.71,0.29
tanner-koziol-te,Tanner Koziol,TE,JAX,7,0.0,0.0,0.0,0.0,0.0,13.6,134.3,1.19,0.0,208.8,25.256,182.2812,263.10040000000004,True,17.0,0.0,0.71,0.29
travis-kelce-te,Travis Kelce,TE,KC,5,0.0,0.0,0.0,0.0,0.0,74.9,771.1,4.725,0.0,104.1,20.8,50.0,150.0,False,17.0,0.0,0.6262934320880079,0.052770165900243644
oronde-gadsden-te,Oronde Gadsden II,TE,LAC,7,0.0,0.0,0.0,0.0,0.0,42.5,494.7,3.0,1.0,165.7,17.6,131.0,176.0,False,17.0,0.0196078431372549,0.9061316121790375,0.22
david-njoku-te,David Njoku,TE,LAC,7,0.0,0.0,0.0,0.0,0.0,42.0,369.0,3.0,0.0,154.0,20.3,135.0,177.0,False,17.0,0.0784313725490196,0.6113102349661489,0.22
terrance-ferguson-te,Terrance Ferguson,TE,LAR,11,0.0,0.0,0.0,0.0,0.0,40.0,530.0,5.0,0.0,160.6,16.2,118.0,175.0,False,17.0,0.0,1.15,0.22
colby-parkinson-te,Colby Parkinson,TE,LAR,11,0.0,0.0,0.0,0.0,0.0,39.1,374.0,4.76,1.0,208.8,22.876,184.7802,257.9834,True,17.0,0.0196078431372549,1.0084317032040473,0.22
max-klare-te,Max Klare,TE,LAR,11,0.0,0.0,0.0,0.0,0.0,17.05,176.55,1.435,0.0,208.8,25.256,182.2812,263.10040000000004,True,17.0,0.0,0.71,0.29
brock-bowers-te,Brock Bowers,TE,LV,13,0.0,0.0,0.0,8.25,0.05,100.5,1088.0,7.5,0.1,35.3,7.3,16.0,52.0,False,17.0,0.0392156862745098,0.6196641297154202,0.06792910898832576
greg-dulcich-te,Greg Dulcich,TE,MIA,6,0.0,0.0,0.0,0.0,0.0,54.0,606.0,4.0,2.0,182.3,23.8,120.0,210.0,False,17.0,0.39215686274509803,0.6,0.22
will-kacmarek-te,Will Kacmarek,TE,MIA,6,0.0,0.0,0.0,0.0,0.0,15.0,156.0,1.0,1.0,208.8,25.256,182.2812,263.10040000000004,True,17.0,0.0,0.71,0.29
seydou-traore-te,Seydou Traore,TE,MIA,6,0.0,0.0,0.0,0.0,0.0,7.05,76.3,0.67,0.0,208.8,25.256,182.2812,263.10040000000004,True,17.0,0.0,0.71,0.29
tj-hockenson-te,TJ Hockenson,TE,MIN,6,0.0,0.0,0.0,0.0,0.0,59.0,568.0,3.91,0.0,163.9,23.4,103.0,207.0,False,17.0,0.17647058823529413,0.6033333333333334,0.22
hunter-henry-te,Hunter Henry,TE,NE,11,0.0,0.0,0.0,0.0,0.0,55.5,636.15,5.720000000000001,0.0,153.9,24.0,91.0,188.0,False,17.0,0.0196078431372549,0.8622593431483578,0.22
eli-raridon-te,Eli Raridon,TE,NE,11,0.0,0.0,0.0,0.0,0.0,22.0,240.0,1.87,1.0,208.8,25.256,182.2812,263.10040000000004,True,17.0,0.0,0.71,0.29
juwan-johnson-te,Juwan Johnson,TE,NO,8,0.0,0.0,0.0,0.0,0.0,61.6,694.7,3.835,2.0,145.1,19.8,98.0,180.0,False,17.0,0.0,0.6819672131147542,0.05721158176099782
isaiah-likely-te,Isaiah Likely,TE,NYG,8,0.0,0.0,0.0,0.0,0.0,59.35,672.55,5.12,2.0,136.5,18.1,89.0,174.0,False,17.0,0.0196078431372549,1.1271470878578478,0.04
theo-johnson-te,Theo Johnson,TE,NYG,8,0.0,0.0,0.0,0.0,0.0,24.0,282.0,2.0,0.0,208.8,22.876,184.7802,257.9834,True,17.0,0.09803921568627451,0.7408374684425874,0.22
kenyon-sadiq-te,Kenyon Sadiq,TE,NYJ,13,0.0,0.0,0.0,0.0,0.0,47.0,528.0,3.99,1.0,160.7,15.7,139.0,188.0,False,17.0,0.0,0.71,0.29
mason-taylor-te,Mason Taylor,TE,NYJ,13,0.0,0.0,0.0,0.0,0.0,50.0,461.0,2.16,0.0,208.8,22.876,184.7802,257.9834,True,17.0,0.0196078431372549,0.7660318694131365,0.22
dallas-goedert-te,Dallas Goedert,TE,PHI,10,0.0,0.0,0.0,0.0,0.0,65.5,674.2,6.0,0.1,100.0,20.4,47.0,150.0,False,17.0,0.13725490196078433,0.6927360774818403,0.04788129453873669
eli-stowers-te,Eli Stowers,TE,PHI,10,0.0,0.0,0.0,0.0,0.0,25.3,291.6,2.0,1.0,208.8,25.256,182.2812,263.10040000000004,True,17.0,0.0,0.71,0.29
aj-barner-te,AJ Barner,TE,SEA,11,0.0,0.0,0.0,0.0,0.0,51.0,503.2,4.42,0.0,156.7,28.1,107.0,204.0,False,17.0,0.0,0.826494940202392,0.22
george-kittle-te,George Kittle,TE,SF,8,0.0,0.0,0.0,0.0,0.0,65.0,767.8,6.1,0.1,114.3,20.3,61.0,160.0,False,16.0,0.11764705882352941,0.5694318087833926,0.04
jake-tonges-te,Jake Tonges,TE,SF,8,0.0,0.0,0.0,0.0,0.0,16.7,151.8,1.34,0.0,208.8,22.876,184.7802,257.9834,True,17.0,0.0,1.15,0.22
cade-otton-te,Cade Otton,TE,TB,10,0.0,0.0,0.0,0.0,0.0,57.8,566.1,3.4,0.0,208.8,22.876,184.7802,257.9834,True,17.0,0.0,0.8448394891266827,0.22
bauer-sharp-te,Bauer Sharp,TE,TB,10,0.0,0.0,0.0,0.0,0.0,8.9,90.5,0.755,0.0,208.8,25.256,182.2812,263.10040000000004,True,17.0,0.0,0.71,0.29
gunnar-helm-te,Gunnar Helm,TE,TEN,9,0.0,0.0,0.0,0.0,0.0,45.0,455.0,3.0,0.0,208.8,22.876,184.7802,257.9834,True,17.0,0.0,0.7525252525252526,0.22
jaren-kanak-te,Jaren Kanak,TE,TEN,9,0.0,0.0,0.0,0.0,0.0,5.1,45.9,0.34,0.0,208.8,25.256,182.2812,263.10040000000004,True,17.0,0.0,0.71,0.29
marvin-harrison-wr,Marvin Harrison Jr,WR,ARI,14,0.0,0.0,0.0,0.0,0.0,64.8,921.55,6.4,0.0,65.4,7.5,45.0,87.0,False,17.0,0.0196078431372549,0.6963645125020078,0.05026402809251981
michael-wilson-wr,Michael Wilson,WR,ARI,14,0.0,0.0,0.0,0.65,0.0,66.0,819.85,4.8149999999999995,0.0,76.2,7.9,55.0,99.0,False,17.0,0.0,0.8337870950176967,0.05283111822008649
kendrick-bourne-wr,Kendrick Bourne,WR,ARI,14,0.0,0.0,0.0,0.0,0.0,30.2,390.65,2.275,0.0,208.8,22.876,184.7802,257.9834,True,17.0,0.2549019607843137,1.15,0.22
reggie-virgil-wr,Reggie Virgil,WR,ARI,14,0.0,0.0,0.0,0.0,0.0,13.6,197.2,1.02,0.0,208.8,25.256,182.2812,263.10040000000004,True,17.0,0.0,0.66,0.29
drake-london-wr,Drake London,WR,ATL,11,0.0,0.0,0.0,0.0,0.0,95.1,1257.0,8.4,1.0,10.1,1.8,6.0,17.0,False,17.0,0.0,0.5647466116676487,0.06543231935029512
jahan-dotson-wr,Jahan Dotson,WR,ATL,11,0.0,0.0,0.0,0.0,0.0,26.0,337.05,2.275,0.0,208.8,22.876,184.7802,257.9834,True,17.0,0.0,1.15,0.22
olamide-zaccheaus-wr,Olamide Zaccheaus,WR,ATL,11,0.0,0.0,0.0,0.0,0.0,28.95,361.9,2.105,0.0,208.8,22.876,184.7802,257.9834,True,17.0,0.0,0.9144817446704239,0.22
zachariah-branch-wr,Zachariah Branch,WR,ATL,11,0.0,0.0,0.0,25.5,0.17,30.25,334.65,1.945,0.0,208.8,25.256,182.2812,263.10040000000004,True,17.0,0.0,0.66,0.29
zay-flowers-wr,Zay Flowers,WR,BAL,13,0.0,0.0,0.0,59.0,0.34,79.0,1117.0,6.0,2.0,26.1,3.1,18.0,37.0,False,17.0,0.0,0.6411282637697732,0.07967771090084139
rashod-bateman-wr,Rashod Bateman,WR,BAL,13,0.0,0.0,0.0,0.0,0.0,40.8,572.0,4.08,0.0,152.7,14.9,115.0,180.0,False,17.0,0.0,1.057921184871727,0.16907240145084632
jakobi-lane-wr,Ja'Kobi Lane,WR,BAL,13,0.0,0.0,0.0,0.0,0.0,39.1,528.7,3.4,1.0,158.3,19.6,116.0,208.0,False,17.0,0.0,0.66,0.34503066245895275
elijah-sarratt-wr,Elijah Sarratt,WR,BAL,13,0.0,0.0,0.0,0.0,0.0,27.2,360.4,2.55,0.0,208.8,25.256,182.2812,263.10040000000004,True,17.0,0.0,0.66,0.29
dj-moore-wr,DJ Moore,WR,BUF,7,0.0,0.0,0.0,49.35,0.47,70.5,917.3,6.45,1.0,48.2,6.3,31.0,70.0,False,17.0,0.0,0.6562387630348795,0.04
khalil-shakir-wr,Khalil Shakir,WR,BUF,7,0.0,0.0,0.0,4.0,0.0,72.0,754.8,4.0,1.0,102.3,8.5,80.0,127.0,False,17.0,0.0196078431372549,0.5896932515337423,0.06674436505924257
keon-coleman-wr,Keon Coleman,WR,BUF,7,0.0,0.0,0.0,0.0,0.0,26.65,360.05,2.87,0.0,208.8,22.876,184.7802,257.9834,True,17.0,0.0196078431372549,0.6951070116019313,0.22
skyler-bell-wr,Skyler Bell,WR,BUF,7,0.0,0.0,0.0,0.0,0.0,17.0,209.1,1.19,0.0,208.8,25.256,182.2812,263.10040000000004,True,17.0,0.0,0.66,0.29
tetairoa-mcmillan-wr,Tetairoa McMillan,WR,CAR,5,0.0,0.0,0.0,0.0,0.0,77.9,1093.0,6.699999999999999,1.0,31.8,3.8,21.0,48.0,False,17.0,0.0,0.585096245473604,0.06288180149693826
jalen-coker-wr,Jalen Coker,WR,CAR,5,0.0,0.0,0.0,0.0,0.0,54.4,707.2,4.08,1.0,121.9,10.3,95.0,150.0,False,17.0,0.11764705882352941,0.7790612662669981,0.1604940810172352
xavier-legette-wr,Xavier Legette,WR,CAR,5,0.0,0.0,0.0,0.0,0.0,36.0,388.6,2.8600000000000003,0.0,179.0,17.8,142.0,200.0,False,17.0,0.0,0.9022936608271628,0.22
rome-odunze-wr,Rome Odunze,WR,CHI,10,0.0,0.0,0.0,2.0,0.0,64.0,930.5,7.49,0.0,53.3,5.9,37.0,72.0,False,17.0,0.0,0.7614169126584477,0.04
luther-burden-wr,Luther Burden III,WR,CHI,10,0.0,0.0,0.0,37.7,0.05,74.05,1020.0999999999999,5.805,0.0,57.5,7.6,37.0,81.0,False,17.0,0.0,0.9316091954022988,0.04270164819810814
kalif-raymond-wr,Kalif Raymond,WR,CHI,10,0.0,0.0,0.0,6.8,0.0,22.75,279.45,1.7650000000000001,0.0,208.8,22.876,184.7802,257.9834,True,17.0,0.09803921568627451,0.9845,0.22
zavion-thomas-wr,Zavion Thomas,WR,CHI,10,0.0,0.0,0.0,81.6,0.67,22.1,249.7,1.53,0.0,208.8,25.256,182.2812,263.10040000000004,True,17.0,0.0,0.66,0.29
jamarr-chase-wr,Ja'Marr Chase,WR,CIN,6,0.0,0.0,0.0,17.0,0.0,121.2,1509.6,10.7,1.0,3.8,1.0,1.0,8.0,False,17.0,0.0196078431372549,0.6676436854848986,0.04
tee-higgins-wr,Tee Higgins,WR,CIN,6,0.0,0.0,0.0,0.0,0.0,72.6,1003.4,9.645,0.0,37.1,4.9,24.0,52.0,False,17.0,0.0784313725490196,0.687808896210873,0.08776130405276256
andrei-iosivas-wr,Andrei Iosivas,WR,CIN,6,0.0,0.0,0.0,0.0,0.0,28.9,391.0,3.0,0.0,208.8,21.076942500827904,186.6692103741307,254.11542637678,True,17.0,0.0,1.0122742010189905,0.16708654414199717
kc-concepcion-wr,KC Concepcion,WR,CLE,11,0.0,0.0,0.0,24.0,0.0,64.0,795.6,4.0,2.0,121.2,10.8,93.0,147.0,False,17.0,0.0,0.66,0.09664506924770551
jerry-jeudy-wr,Jerry Jeudy,WR,CLE,11,0.0,0.0,0.0,0.0,0.0,51.6,678.3,3.0,1.0,126.1,11.4,96.0,147.0,False,17.0,0.0,0.6185365853658537,0.08786339571854172
denzel-boston-wr,Denzel Boston,WR,CLE,11,0.0,0.0,0.0,0.0,0.0,52.6,707.6,4.0,2.0,138.3,14.9,99.0,168.0,False,17.0,0.0,0.66,0.2383114618566257
ceedee-lamb-wr,CeeDee Lamb,WR,DAL,14,0.0,0.0,0.0,15.4,0.0,97.5,1295.8,7.5,0.15,10.7,1.9,5.0,18.0,False,17.0,0.0392156862745098,0.49834425420982176,0.0849145986121865
george-pickens-wr,George Pickens,WR,DAL,14,0.0,0.0,0.0,0.0,0.0,79.95,1156.45,7.550000000000001,0.0,20.7,3.1,12.0,29.0,False,17.0,0.0196078431372549,0.7967206827116693,0.11477210621024997
ryan-flournoy-wr,Ryan Flournoy,WR,DAL,14,0.0,0.0,0.0,0.0,0.0,40.1,461.8,3.7,0.0,163.6,28.3,90.0,204.0,False,17.0,0.058823529411764705,1.0774558303886925,0.22
anthony-smith-wr,Anthony Smith,WR,DAL,14,0.0,0.0,0.0,0.0,0.0,5.1,73.1,0.34,0.0,208.8,25.256,182.2812,263.10040000000004,True,17.0,0.0,0.66,0.29
jaylen-waddle-wr,Jaylen Waddle,WR,DEN,10,0.0,0.0,0.0,19.65,0.0,75.35,1007.25,6.1,0.0,45.9,5.3,31.0,68.0,False,17.0,0.0,0.5793940590150993,0.05090503596526228
courtland-sutton-wr,Courtland Sutton,WR,DEN,10,0.0,0.0,0.0,0.0,0.0,66.95,888.9,6.95,0.0,59.7,6.4,43.0,79.0,False,17.0,0.0,0.5803480040941659,0.04
troy-franklin-wr,Troy Franklin,WR,DEN,10,0.0,0.0,0.0,11.0,0.0,28.9,358.7,2.38,1.0,177.2,19.6,141.0,206.0,False,17.0,0.0196078431372549,0.8091331923890065,0.44508812769347883
pat-bryant-wr,Pat Bryant,WR,DEN,10,0.0,0.0,0.0,0.0,0.0,38.45,477.75,2.785,0.0,156.6,25.6,131.0,194.0,False,17.0,0.0,0.8831267391854288,0.22
marvin-mims-wr,Marvin Mims Jr,WR,DEN,10,0.0,0.0,0.0,59.5,0.51,34.0,375.7,2.38,0.0,208.8,22.876,184.7802,257.9834,True,17.0,0.0,1.079607843137255,0.22
amon-ra-st-brown-wr,Amon-Ra St Brown,WR,DET,6,0.0,0.0,0.0,11.9,0.0,115.3,1364.15,10.184999999999999,0.2,208.8,17.32614725267176,190.60754538469467,246.0512165932443,True,17.0,0.0,0.48277628377513127,0.056769036843287074
jameson-williams-wr,Jameson Williams,WR,DET,6,0.0,0.0,0.0,41.1,0.5549999999999999,62.95,1037.4,6.8149999999999995,0.0,44.4,4.7,32.0,64.0,False,17.0,0.11764705882352941,0.6591981132075473,0.054486044447390594
isaac-teslaa-wr,Isaac TeSlaa,WR,DET,6,0.0,0.0,0.0,0.0,0.0,28.9,404.0,4.0,0.0,164.9,39.7,77.0,206.0,False,17.0,0.0,1.15,0.06363369933272005
christian-watson-wr,Christian Watson,WR,GB,11,0.0,0.0,0.0,10.2,0.0,61.349999999999994,962.0,7.8,0.0,58.9,6.5,42.0,80.0,False,17.0,0.1568627450980392,0.6877319587628867,0.0698513240279936
jayden-reed-wr,Jayden Reed,WR,GB,11,0.0,0.0,0.0,84.8,0.0,66.0,815.0,5.0,0.0,95.2,8.3,73.0,120.0,False,17.0,0.19607843137254902,0.590913649583793,0.06715287939840237
matthew-golden-wr,Matthew Golden,WR,GB,11,0.0,0.0,0.0,39.1,0.0,54.0,704.0,4.44,0.0,106.4,8.7,83.0,127.0,False,17.0,0.0,0.8811806256306761,0.042515383361654585
nico-collins-wr,Nico Collins,WR,HOU,8,0.0,0.0,0.0,8.6,0.25,81.6,1217.2,7.15,1.0,20.7,2.9,13.0,32.0,False,17.0,0.0784313725490196,0.3923637106104948,0.06745425730329045
kayshon-boutte-wr,Kayshon Boutte,WR,HOU,8,0.0,0.0,0.0,0.0,0.0,39.9,590.7,4.54,0.0,166.0,18.9,116.0,209.0,False,17.0,0.0196078431372549,0.8849544300014942,0.3184024603245024
tank-dell-wr,Tank Dell,WR,HOU,8,0.0,0.0,0.0,26.5,0.0,39.5,488.0,3.0,0.0,156.5,15.7,115.0,180.0,False,17.0,0.49019607843137253,0.6773748990163,0.22
jaylin-noel-wr,Jaylin Noel,WR,HOU,8,0.0,0.0,0.0,13.0,0.0,40.0,451.0,3.4,0.0,162.8,13.7,134.0,194.0,False,17.0,0.0,1.15,0.16334262165699218
lewis-bond-wr,Lewis Bond,WR,HOU,8,0.0,0.0,0.0,0.0,0.0,5.1,59.5,0.34,0.0,208.8,25.256,182.2812,263.10040000000004,True,17.0,0.0,0.66,0.29
alec-pierce-wr,Alec Pierce,WR,IND,13,0.0,0.0,0.0,0.0,0.0,50.4,863.8,5.67,0.0,67.8,7.8,48.0,85.0,False,16.5,0.0,0.824655693651327,0.1737797292700389
josh-downs-wr,Josh Downs,WR,IND,13,0.0,0.0,0.0,0.0,0.0,68.0,711.0,4.63,1.0,86.8,8.2,65.0,107.0,False,17.0,0.0392156862745098,0.6235326612346361,0.09582794106277352
keenan-allen-wr,Keenan Allen,WR,IND,13,0.0,0.0,0.0,0.0,0.0,62.0,629.2,4.13,0.0,132.0,12.3,100.0,153.0,False,17.0,0.0196078431372549,0.7545180722891566,0.1326739085331865
parker-washington-wr,Parker Washington,WR,JAX,7,0.0,0.0,0.0,8.5,0.05,64.55,920.4,6.16,0.0,64.8,7.4,45.0,87.0,False,17.0,0.09803921568627451,1.1290661070304302,0.09331824098106625
brian-thomas-wr,Brian Thomas Jr,WR,JAX,7,0.0,0.0,0.0,9.9,0.2,59.9,894.75,5.7,0.0,72.7,7.5,53.0,92.0,False,17.0,0.0,0.49662147044346,0.09165330111524665
jakobi-meyers-wr,Jakobi Meyers,WR,JAX,7,0.0,0.0,0.0,18.0,0.0,67.5,798.0,5.0,1.0,87.0,7.7,66.0,104.0,False,17.0,0.0392156862745098,0.43633662501092374,0.047820066337432986
travis-hunter-wr,Travis Hunter,WR,JAX,7,0.0,0.0,0.0,0.0,0.0,34.85,402.05,2.4450000000000003,0.0,168.6,12.2,136.0,196.0,False,17.0,0.19607843137254902,0.66,0.22
josh-cameron-wr,Josh Cameron,WR,JAX,7,0.0,0.0,0.0,0.0,0.0,8.5,100.3,0.68,0.0,208.8,25.256,182.2812,263.10040000000004,True,17.0,0.0,0.66,0.29
cj-williams-wr,CJ Williams,WR,JAX,7,0.0,0.0,0.0,0.0,0.0,5.1,64.6,0.34,0.0,208.8,25.256,182.2812,263.10040000000004,True,17.0,0.0,0.66,0.29
rashee-rice-wr,Rashee Rice,WR,KC,5,0.0,0.0,0.0,27.15,0.55,97.55,1076.5,8.855,0.3,14.9,2.1,9.0,22.0,False,17.0,0.4117647058823529,0.530359168241966,0.1166829212539563
xavier-worthy-wr,Xavier Worthy,WR,KC,5,0.0,0.0,0.0,90.9,1.0,57.0,735.0,4.0,0.0,105.5,8.0,84.0,124.0,False,17.0,0.0,0.6576219121976193,0.05931572526438708
tyquan-thornton-wr,Tyquan Thornton,WR,KC,5,0.0,0.0,0.0,0.0,0.0,27.0,472.7,3.0,0.0,208.8,22.600579304379472,185.06939173040155,257.3912455044159,True,17.0,0.21568627450980393,0.6921739130434783,0.21189939130527854
cyrus-allen-wr,Cyrus Allen,WR,KC,5,0.0,0.0,0.0,0.0,0.0,25.95,337.35,2.185,0.0,148.8,23.9,86.0,204.0,False,17.0,0.0,0.66,0.29
ladd-mcconkey-wr,Ladd McConkey,WR,LAC,7,0.0,0.0,0.0,0.0,0.0,80.7,1030.8,6.8,0.0,37.9,4.4,26.0,59.0,False,17.0,0.0,0.5569509614499953,0.051912443283561066
quentin-johnston-wr,Quentin Johnston,WR,LAC,7,0.0,0.0,0.0,6.3,0.0,56.1,766.7,7.035,1.0,97.0,8.9,73.0,119.0,False,17.0,0.0196078431372549,0.7003974319779883,0.09615634342035898
tre-harris-wr,Tre Harris,WR,LAC,7,0.0,0.0,0.0,0.0,0.0,37.25,472.7,2.7,0.0,168.2,26.2,102.0,206.0,False,17.0,0.0,0.740625,0.22
brenen-thompson-wr,Brenen Thompson,WR,LAC,7,0.0,0.0,0.0,25.5,0.17,18.7,266.9,1.53,0.0,208.8,25.256,182.2812,263.10040000000004,True,17.0,0.0,0.66,0.29
puka-nacua-wr,Puka Nacua,WR,LAR,11,0.0,0.0,0.0,92.3,1.0,116.7,1561.0,8.8,1.0,3.1,0.9,1.0,6.0,False,17.0,0.09803921568627451,0.5527615035218221,0.08093588881702733
davante-adams-wr,Davante Adams,WR,LAR,11,0.0,0.0,0.0,0.0,0.0,69.0,908.65,10.0,0.0,42.1,4.4,30.0,59.0,False,17.0,0.058823529411764705,0.6419188620364323,0.04
jordan-whittington-wr,Jordan Whittington,WR,LAR,11,0.0,0.0,0.0,0.0,0.0,19.55,220.15,1.2650000000000001,0.0,208.8,22.876,184.7802,257.9834,True,17.0,0.0196078431372549,1.15,0.22
cj-daniels-wr,CJ Daniels,WR,LAR,11,0.0,0.0,0.0,0.0,0.0,8.5,117.3,0.68,0.0,208.8,25.256,182.2812,263.10040000000004,True,17.0,0.0,0.66,0.29
tre-tucker-wr,Tre Tucker,WR,LV,13,0.0,0.0,0.0,44.0,0.0,52.0,655.0,3.74,0.0,131.9,8.8,108.0,151.0,False,17.0,0.0,0.8213367609254498,0.08480735485335131
jalen-nailor-wr,Jalen Nailor,WR,LV,13,0.0,0.0,0.0,0.0,0.0,44.0,577.0,3.74,0.0,153.9,16.3,111.0,180.0,False,17.0,0.13725490196078433,0.9739696312364425,0.1233578701760246
malik-benson-wr,Malik Benson,WR,LV,13,0.0,0.0,0.0,4.0,0.0,36.25,457.6,2.445,1.0,208.8,25.256,182.2812,263.10040000000004,True,17.0,0.0,0.66,0.29
jack-bech-wr,Jack Bech,WR,LV,13,0.0,0.0,0.0,0.0,0.0,34.0,386.15,2.19,0.0,208.8,22.876,184.7802,257.9834,True,17.0,0.0,1.123456790123457,0.22
malik-washington-wr,Malik Washington,WR,MIA,6,0.0,0.0,0.0,59.5,0.51,46.0,401.2,3.0,1.0,149.1,13.0,115.0,179.0,False,17.0,0.0392156862745098,0.7184353662770513,0.05605202155924868
caleb-douglas-wr,Caleb Douglas,WR,MIA,6,0.0,0.0,0.0,0.0,0.0,39.1,517.0,3.0,1.0,170.5,18.6,132.0,208.0,False,17.0,0.0,0.66,0.09349072398896481
jalen-tolbert-wr,Jalen Tolbert,WR,MIA,6,0.0,0.0,0.0,0.0,0.0,26.85,343.55,1.21,0.0,208.8,22.876,184.7802,257.9834,True,17.0,0.0,1.15,0.22
chris-bell-wr,Chris Bell,WR,MIA,6,0.0,0.0,0.0,5.5,0.0,40.95,515.3,3.315,1.0,208.8,25.256,182.2812,263.10040000000004,True,16.5,0.0,0.66,0.29
kevin-coleman-wr,Kevin Coleman Jr,WR,MIA,6,0.0,0.0,0.0,0.0,0.0,13.6,147.9,0.85,0.0,208.8,25.256,182.2812,263.10040000000004,True,17.0,0.0,0.66,0.29
justin-jefferson-wr,Justin Jefferson,WR,MIN,6,0.0,0.0,0.0,5.5,0.0,95.0,1288.0,7.0,0.15,11.7,2.2,5.0,20.0,False,17.0,0.13725490196078433,0.4395372619199795,0.0659570283787968
jordan-addison-wr,Jordan Addison,WR,MIN,6,0.0,0.0,0.0,19.0,0.17,55.0,769.0,5.78,0.0,97.3,8.5,75.0,119.0,False,17.0,0.09803921568627451,0.6996988776348207,0.08321703691790441
jauan-jennings-wr,Jauan Jennings,WR,MIN,6,0.0,0.0,0.0,0.0,0.0,47.6,589.3,3.91,1.0,148.1,10.3,125.0,171.0,False,17.0,0.0196078431372549,0.5222222222222221,0.2405337482656961
aj-brown-wr,AJ Brown,WR,NE,11,0.0,0.0,0.0,0.0,0.0,88.85,1245.4,7.7,0.15,18.0,3.2,9.0,29.0,False,17.0,0.0392156862745098,0.6120132202902717,0.062020556404366795
romeo-doubs-wr,Romeo Doubs,WR,NE,11,0.0,0.0,0.0,0.0,0.0,59.5,783.5,5.475,0.0,114.3,9.4,89.0,140.0,False,17.0,0.0196078431372549,0.6089863913655561,0.055185122843428226
demario-douglas-wr,DeMario Douglas,WR,NE,11,0.0,0.0,0.0,11.05,0.085,21.0,260.0,2.0,0.0,208.8,29.87386551617333,177.43244120801802,273.02881085977265,True,17.0,0.0,0.7491112239715592,0.42581957400509785
kyle-williams-wr,Kyle Williams,WR,NE,11,0.0,0.0,0.0,0.0,0.0,27.2,387.6,2.38,0.0,208.8,22.876,184.7802,257.9834,True,17.0,0.0,1.15,0.22
chris-olave-wr,Chris Olave,WR,NO,8,0.0,0.0,0.0,0.0,0.0,93.65,1171.8,7.49,0.15,19.4,3.3,10.0,30.0,False,17.0,0.1568627450980392,0.5682399045834043,0.08562721273500082
jordyn-tyson-wr,Jordyn Tyson,WR,NO,8,0.0,0.0,0.0,0.0,0.0,49.0,633.0,4.0,1.0,151.1,18.7,102.0,180.0,False,12.5,0.0,0.66,0.1081541357365952
devaughn-vele-wr,Devaughn Vele,WR,NO,8,0.0,0.0,0.0,0.0,0.0,45.0,573.3,3.61,0.0,163.3,17.1,133.0,204.0,False,17.0,0.13725490196078433,0.8740816516321027,0.14645318877030386
bryce-lance-wr,Bryce Lance,WR,NO,8,0.0,0.0,0.0,0.0,0.0,22.8,322.6,1.71,0.0,208.8,25.256,182.2812,263.10040000000004,True,17.0,0.0,0.66,0.29
barion-brown-wr,Barion Brown,WR,NO,8,0.0,0.0,0.0,0.0,0.0,25.5,306.0,1.87,0.0,208.8,25.256,182.2812,263.10040000000004,True,17.0,0.0,0.66,0.29
malik-nabers-wr,Malik Nabers,WR,NYG,8,0.0,0.0,0.0,1.0,0.0,81.75,1074.2,7.4,0.0,27.3,3.3,18.0,40.0,False,16.5,0.27450980392156865,0.7403875037548814,0.05817725023915944
darius-slayton-wr,Darius Slayton,WR,NYG,8,0.0,0.0,0.0,0.0,0.0,31.0,426.0,2.15,1.0,177.8,11.1,166.0,200.0,False,17.0,0.0196078431372549,0.9712343096234309,0.15095930246134745
darnell-mooney-wr,Darnell Mooney,WR,NYG,8,0.0,0.0,0.0,0.0,0.0,24.1,332.75,1.865,0.0,208.8,22.876,184.7802,257.9834,True,17.0,0.0196078431372549,0.8556561085972851,0.22
malachi-fields-wr,Malachi Fields,WR,NYG,8,0.0,0.0,0.0,0.0,0.0,23.9,321.7,2.045,0.0,160.7,33.7,90.0,209.0,False,17.0,0.0,0.66,0.29
garrett-wilson-wr,Garrett Wilson,WR,NYJ,13,0.0,0.0,0.0,1.0,0.0,92.65,1074.0500000000002,6.605,1.0,25.5,3.0,17.0,36.0,False,17.0,0.1568627450980392,0.5228034011852615,0.04
adonai-mitchell-wr,Adonai Mitchell,WR,NYJ,13,0.0,0.0,0.0,0.0,0.0,38.0,482.0,3.6,1.0,163.7,14.5,126.0,181.0,False,17.0,0.0,1.15,0.17356425263224892
omar-cooper-wr,Omar Cooper Jr,WR,NYJ,13,0.0,0.0,0.0,13.0,0.0,44.0,521.0,3.34,1.0,162.3,35.5,72.0,205.0,False,17.0,0.0,0.66,0.22198982579013643
devonta-smith-wr,DeVonta Smith,WR,PHI,10,0.0,0.0,0.0,0.0,0.0,86.7,1125.4,6.0,0.0,29.8,3.4,20.0,44.0,False,17.0,0.0196078431372549,0.5596032153240977,0.04
makai-lemon-wr,Makai Lemon,WR,PHI,10,0.0,0.0,0.0,13.0,0.0,56.0,735.0,4.0,2.0,115.5,10.6,87.0,147.0,False,17.0,0.0,0.66,0.08710685547585283
dontayvion-wicks-wr,Dontayvion Wicks,WR,PHI,10,0.0,0.0,0.0,0.0,0.0,34.65,449.3,2.77,0.0,166.5,18.9,117.0,209.0,False,17.0,0.0196078431372549,1.0509994395665982,0.22
dk-metcalf-wr,DK Metcalf,WR,PIT,9,0.0,0.0,0.0,2.75,0.25,64.1,918.5,6.0,0.0,64.5,6.9,46.0,87.0,False,17.0,0.0784313725490196,0.5340855219493694,0.04
michael-pittman-wr,Michael Pittman,WR,PIT,9,0.0,0.0,0.0,0.0,0.0,77.55,823.05,5.220000000000001,0.0,74.9,7.8,54.0,96.0,False,17.0,0.0196078431372549,0.5277923165497749,0.07290919737275148
germie-bernard-wr,Germie Bernard,WR,PIT,9,0.0,0.0,0.0,10.0,0.0,42.3,523.0,3.0,1.0,169.4,9.5,159.0,198.0,False,17.0,0.0,0.66,0.04
kaden-wetjen-wr,Kaden Wetjen,WR,PIT,9,0.0,0.0,0.0,37.4,0.34,5.1,66.3,0.34,0.0,172.5,4.2,163.0,178.0,False,17.0,0.0,0.66,0.29
jaxon-smith-njigba-wr,Jaxon Smith-Njigba,WR,SEA,11,0.0,0.0,0.0,31.2,0.0,105.2,1511.05,9.004999999999999,1.05,208.8,18.11582879429006,189.77837976599545,247.74903190772363,True,17.0,0.0,0.5638556234821204,0.07999496453794291
rashid-shaheed-wr,Rashid Shaheed,WR,SEA,11,0.0,0.0,0.0,61.2,0.0,52.7,725.9,4.0,1.0,128.8,11.4,99.0,150.0,False,17.0,0.21568627450980393,0.706452691407556,0.11810246632912577
cooper-kupp-wr,Cooper Kupp,WR,SEA,11,0.0,0.0,0.0,0.0,0.0,45.9,542.3,3.23,1.0,151.3,19.0,101.0,180.0,False,17.0,0.1568627450980392,0.6661626045187689,0.20890075055534976
tory-horton-wr,Tory Horton,WR,SEA,11,0.0,0.0,0.0,0.0,0.0,25.5,351.9,2.72,1.0,208.8,31.887495015403104,175.31813023382676,277.35811428311666,True,17.0,0.13725490196078433,1.011740614334471,0.48504397104126773
emmanuel-henderson-wr,Emmanuel Henderson Jr,WR,SEA,11,0.0,0.0,0.0,0.0,0.0,5.1,81.6,0.51,0.0,208.8,25.256,182.2812,263.10040000000004,True,17.0,0.0,0.66,0.29
mike-evans-wr,Mike Evans,WR,SF,8,0.0,0.0,0.0,0.0,0.0,69.4,961.4,7.55,0.0,54.7,6.3,38.0,76.0,False,17.0,0.1568627450980392,0.5330208479082132,0.049372599495332535
deebo-samuel-wr,Deebo Samuel Sr,WR,SF,8,0.0,0.0,0.0,115.0,1.0,54.9,647.0,3.62,0.0,108.1,10.5,80.0,142.0,False,17.0,0.0196078431372549,0.6686639335645957,0.14922406529420473
dezhaun-stribling-wr,De'Zhaun Stribling,WR,SF,8,0.0,0.0,0.0,0.0,0.0,56.0,714.3,4.35,2.0,134.6,16.9,90.0,178.0,False,17.0,0.0,0.66,0.12724169297989582
brandon-aiyuk-wr,Brandon Aiyuk,WR,SF,8,0.0,0.0,0.0,0.0,0.0,23.05,299.05,1.86,0.0,208.8,22.876,184.7802,257.9834,True,17.0,0.5294117647058824,0.5698919449901768,0.22
christian-kirk-wr,Christian Kirk,WR,SF,8,0.0,0.0,0.0,0.0,0.0,23.8,309.4,1.87,0.0,208.8,34.096000000000004,172.9992,282.1064,True,17.0,0.2549019607843137,0.6388850174216028,0.55
emeka-egbuka-wr,Emeka Egbuka,WR,TB,10,0.0,0.0,0.0,3.75,0.0,75.0,1052.3,7.0,0.0,34.7,4.0,24.0,50.0,False,17.0,0.0,0.7793767470752665,0.049024736449402424
chris-godwin-wr,Chris Godwin Jr,WR,TB,10,0.0,0.0,0.0,0.5,0.0,71.5,817.55,5.35,0.0,79.9,8.2,58.0,101.0,False,17.0,0.21568627450980393,0.5697921946274709,0.0448063062320395
jalen-mcmillan-wr,Jalen McMillan,WR,TB,10,0.0,0.0,0.0,0.0,0.0,46.0,626.0,4.0,0.0,135.1,12.0,103.0,153.0,False,17.0,0.27450980392156865,0.8362397274002806,0.1158844833258939
ted-hurst-wr,Ted Hurst III,WR,TB,10,0.0,0.0,0.0,6.5,0.0,30.25,423.55,2.435,1.0,208.8,25.256,182.2812,263.10040000000004,True,17.0,0.0,0.66,0.29
carnell-tate-wr,Carnell Tate,WR,TEN,9,0.0,0.0,0.0,3.1,0.0,67.35,914.6,5.25,2.0,78.3,9.1,54.0,102.0,False,17.0,0.0,0.66,0.11320802074459049
wandale-robinson-wr,Wan'Dale Robinson,WR,TEN,9,0.0,0.0,0.0,6.0,0.0,77.0,796.0,3.4,0.0,86.2,8.3,64.0,109.0,False,17.0,0.0196078431372549,0.5782576135796306,0.04
calvin-ridley-wr,Calvin Ridley,WR,TEN,9,0.0,0.0,0.0,0.0,0.0,49.3,681.7,3.0,0.0,143.5,11.4,113.0,169.0,False,17.0,0.13725490196078433,0.6540925266903914,0.19697070263602828
elic-ayomanor-wr,Elic Ayomanor,WR,TEN,9,0.0,0.0,0.0,0.0,0.0,23.8,323.0,2.21,0.0,208.8,34.096000000000004,172.9992,282.1064,True,17.0,0.0,0.6144999999999999,0.55
chimere-dike-wr,Chimere Dike,WR,TEN,9,0.0,0.0,0.0,0.0,0.0,22.1,244.8,1.7,1.0,208.8,34.096000000000004,172.9992,282.1064,True,17.0,0.0,0.9105160026126714,0.55
terry-mclaurin-wr,Terry McLaurin,WR,WAS,7,0.0,0.0,0.0,0.5,0.0,65.65,937.5,7.1850000000000005,0.0,47.1,4.8,34.0,66.0,False,17.0,0.0,0.5312078097414062,0.06841592954836043
stefon-diggs-wr,Stefon Diggs,WR,WAS,7,0.0,0.0,0.0,0.15,0.0,69.7,797.85,4.7,0.0,91.4,9.0,68.0,112.0,False,17.0,0.17647058823529413,0.4507397171191676,0.06181253367289777
antonio-williams-wr,Antonio Williams,WR,WAS,7,0.0,0.0,0.0,0.0,0.0,27.2,388.0,3.0,2.0,208.8,28.66803234058061,178.69856604239038,270.43626953224833,True,17.0,0.0,0.66,0.39035389237001783
